{".env":[".env"],"assets/Mada_Logo.svg":["assets/Mada_Logo.svg"],"assets/Register.svg":["assets/Register.svg"],"assets/address.svg":["assets/address.svg"],"assets/arrow.png":["assets/arrow.png"],"assets/better-earning.svg":["assets/better-earning.svg"],"assets/booking_history.svg":["assets/booking_history.svg"],"assets/booking_logo.svg":["assets/booking_logo.svg"],"assets/booking_manager.svg":["assets/booking_manager.svg"],"assets/bus.svg":["assets/bus.svg"],"assets/buses/buses.json":["assets/buses/buses.json"],"assets/carDirection.png":["assets/carDirection.png"],"assets/carOffline.svg":["assets/carOffline.svg"],"assets/carOnline.svg":["assets/carOnline.svg"],"assets/card.svg":["assets/card.svg"],"assets/completed.svg":["assets/completed.svg"],"assets/confirm.svg":["assets/confirm.svg"],"assets/createBooking.svg":["assets/createBooking.svg"],"assets/credit_card.svg":["assets/credit_card.svg"],"assets/delete.svg":["assets/delete.svg"],"assets/delivery-truck.svg":["assets/delivery-truck.svg"],"assets/direction.svg":["assets/direction.svg"],"assets/edit.svg":["assets/edit.svg"],"assets/equipment.svg":["assets/equipment.svg"],"assets/equipments/backhoe.png":["assets/equipments/backhoe.png"],"assets/equipments/bull dozers.png":["assets/equipments/bull dozers.png"],"assets/equipments/compactors.png":["assets/equipments/compactors.png"],"assets/equipments/crawler crane.png":["assets/equipments/crawler crane.png"],"assets/equipments/dump truck.png":["assets/equipments/dump truck.png"],"assets/equipments/equipments.json":["assets/equipments/equipments.json"],"assets/equipments/excavator.png":["assets/equipments/excavator.png"],"assets/equipments/fork lift.png":["assets/equipments/fork lift.png"],"assets/equipments/front hoe.png":["assets/equipments/front hoe.png"],"assets/equipments/graders.png":["assets/equipments/graders.png"],"assets/equipments/mobile crane.png":["assets/equipments/mobile crane.png"],"assets/equipments/scissor lift.png":["assets/equipments/scissor lift.png"],"assets/equipments/skid steer.png":["assets/equipments/skid steer.png"],"assets/fonts/Poppins-Bold.ttf":["assets/fonts/Poppins-Bold.ttf"],"assets/fonts/Poppins-Regular.ttf":["assets/fonts/Poppins-Regular.ttf"],"assets/forgotLogo.svg":["assets/forgotLogo.svg"],"assets/generated_logo.svg":["assets/generated_logo.svg"],"assets/help_logo.svg":["assets/help_logo.svg"],"assets/history.svg":["assets/history.svg"],"assets/history_truck.svg":["assets/history_truck.svg"],"assets/home.svg":["assets/home.svg"],"assets/images/bus +30 pax.svg":["assets/images/bus +30 pax.svg"],"assets/images/bus 15 - 30 pax.svg":["assets/images/bus 15 - 30 pax.svg"],"assets/images/bus 15 pax.svg":["assets/images/bus 15 pax.svg"],"assets/images/concrete mixer.svg":["assets/images/concrete mixer.svg"],"assets/images/concrete pump truck.svg":["assets/images/concrete pump truck.svg"],"assets/images/fuel truck.svg":["assets/images/fuel truck.svg"],"assets/images/lorry crane.svg":["assets/images/lorry crane.svg"],"assets/images/power generators.svg":["assets/images/power generators.svg"],"assets/joinUs.svg":["assets/joinUs.svg"],"assets/launchLogo.png":["assets/launchLogo.png"],"assets/logo.svg":["assets/logo.svg"],"assets/moving_truck.svg":["assets/moving_truck.svg"],"assets/naqlee-logo.svg":["assets/naqlee-logo.svg"],"assets/naqleeBorder.svg":["assets/naqleeBorder.svg"],"assets/naqleePdf.png":["assets/naqleePdf.png"],"assets/newPassword.svg":["assets/newPassword.svg"],"assets/noPayment.svg":["assets/noPayment.svg"],"assets/notified.svg":["assets/notified.svg"],"assets/onTime-payment.svg":["assets/onTime-payment.svg"],"assets/others.svg":["assets/others.svg"],"assets/otp_logo.svg":["assets/otp_logo.svg"],"assets/otp_mobileno.png":["assets/otp_mobileno.png"],"assets/otp_verified.svg":["assets/otp_verified.svg"],"assets/partnerHome.svg":["assets/partnerHome.svg"],"assets/payment.svg":["assets/payment.svg"],"assets/payment_logo.svg":["assets/payment_logo.svg"],"assets/payment_success.svg":["assets/payment_success.svg"],"assets/pending.svg":["assets/pending.svg"],"assets/person.svg":["assets/person.svg"],"assets/pickup_drop.svg":["assets/pickup_drop.svg"],"assets/profile.svg":["assets/profile.svg"],"assets/register_stepTwo.svg":["assets/register_stepTwo.svg"],"assets/regular-trips.svg":["assets/regular-trips.svg"],"assets/report_logo.svg":["assets/report_logo.svg"],"assets/resetSuccess.svg":["assets/resetSuccess.svg"],"assets/running.svg":["assets/running.svg"],"assets/search.svg":["assets/search.svg"],"assets/special.svg":["assets/special.svg"],"assets/special/special.json":["assets/special/special.json"],"assets/submitTicket.svg":["assets/submitTicket.svg"],"assets/ticketSuccess.svg":["assets/ticketSuccess.svg"],"assets/translations/ar-SA.json":["assets/translations/ar-SA.json"],"assets/translations/en-US.json":["assets/translations/en-US.json"],"assets/translations/hi-IN.json":["assets/translations/hi-IN.json"],"assets/upArrow.svg":["assets/upArrow.svg"],"assets/userHome1.svg":["assets/userHome1.svg"],"assets/userHome2.svg":["assets/userHome2.svg"],"assets/userHome3.svg":["assets/userHome3.svg"],"assets/vectors/Sharedcargo.svg":["assets/vectors/Sharedcargo.svg"],"assets/vectors/bus +30 pax.vg":["assets/vectors/bus +30 pax.vg"],"assets/vectors/bus 15 - 30 pax.vg":["assets/vectors/bus 15 - 30 pax.vg"],"assets/vectors/bus 15 pax.vg":["assets/vectors/bus 15 pax.vg"],"assets/vectors/bus.vg":["assets/vectors/bus.vg"],"assets/vectors/concrete mixer.vg":["assets/vectors/concrete mixer.vg"],"assets/vectors/concrete pump truck.vg":["assets/vectors/concrete pump truck.vg"],"assets/vectors/equipment.vg":["assets/vectors/equipment.vg"],"assets/vectors/fuel truck.vg":["assets/vectors/fuel truck.vg"],"assets/vectors/lorry crane.vg":["assets/vectors/lorry crane.vg"],"assets/vectors/others.vg":["assets/vectors/others.vg"],"assets/vectors/partnerHome.vg":["assets/vectors/partnerHome.vg"],"assets/vectors/power generators.vg":["assets/vectors/power generators.vg"],"assets/vectors/sharedCargo.vg":["assets/vectors/sharedCargo.vg"],"assets/vectors/special.vg":["assets/vectors/special.vg"],"assets/vectors/userHome1.vg":["assets/vectors/userHome1.vg"],"assets/vectors/userHome2.vg":["assets/vectors/userHome2.vg"],"assets/vectors/userHome3.vg":["assets/vectors/userHome3.vg"],"assets/vectors/vehicle.vg":["assets/vectors/vehicle.vg"],"assets/vehicle.svg":["assets/vehicle.svg"],"assets/vehicles/Closed.png":["assets/vehicles/Closed.png"],"assets/vehicles/Crane.png":["assets/vehicles/Crane.png"],"assets/vehicles/Diana-Freezer.png":["assets/vehicles/Diana-Freezer.png"],"assets/vehicles/Diana-Refrigerator.png":["assets/vehicles/Diana-Refrigerator.png"],"assets/vehicles/Diana-Sides.png":["assets/vehicles/Diana-Sides.png"],"assets/vehicles/Six-Sides.png":["assets/vehicles/Six-Sides.png"],"assets/vehicles/curtain.png":["assets/vehicles/curtain.png"],"assets/vehicles/flatbed.png":["assets/vehicles/flatbed.png"],"assets/vehicles/freezer.png":["assets/vehicles/freezer.png"],"assets/vehicles/high-sides.png":["assets/vehicles/high-sides.png"],"assets/vehicles/hydraulic.png":["assets/vehicles/hydraulic.png"],"assets/vehicles/lorry 7 meters-sides.png":["assets/vehicles/lorry 7 meters-sides.png"],"assets/vehicles/lorry-Crane 5 ton.png":["assets/vehicles/lorry-Crane 5 ton.png"],"assets/vehicles/lorry-Crane 7 ton.png":["assets/vehicles/lorry-Crane 7 ton.png"],"assets/vehicles/lorry-Refrigerator.png":["assets/vehicles/lorry-Refrigerator.png"],"assets/vehicles/lorry-closed.png":["assets/vehicles/lorry-closed.png"],"assets/vehicles/lorry-freezer.png":["assets/vehicles/lorry-freezer.png"],"assets/vehicles/lorry-sides.png":["assets/vehicles/lorry-sides.png"],"assets/vehicles/pick up.png":["assets/vehicles/pick up.png"],"assets/vehicles/refrigerator.png":["assets/vehicles/refrigerator.png"],"assets/vehicles/regular.png":["assets/vehicles/regular.png"],"assets/vehicles/short-sides.png":["assets/vehicles/short-sides.png"],"assets/vehicles/six-refrigerator.png":["assets/vehicles/six-refrigerator.png"],"assets/vehicles/tow-truck-VIP.png":["assets/vehicles/tow-truck-VIP.png"],"assets/vehicles/tow-truck-for-trucks.png":["assets/vehicles/tow-truck-for-trucks.png"],"assets/vehicles/tow-truck-two-cars.png":["assets/vehicles/tow-truck-two-cars.png"],"assets/vehicles/vehicles.json":["assets/vehicles/vehicles.json"],"assets/verifyOtp.svg":["assets/verifyOtp.svg"],"assets/visa-mastercard.svg":["assets/visa-mastercard.svg"],"assets/zipCode.svg":["assets/zipCode.svg"],"packages/cupertino_icons/assets/CupertinoIcons.ttf":["packages/cupertino_icons/assets/CupertinoIcons.ttf"],"packages/flutter_inappwebview/assets/t_rex_runner/t-rex.css":["packages/flutter_inappwebview/assets/t_rex_runner/t-rex.css"],"packages/flutter_inappwebview/assets/t_rex_runner/t-rex.html":["packages/flutter_inappwebview/assets/t_rex_runner/t-rex.html"],"packages/flutter_inappwebview_web/assets/web/web_support.js":["packages/flutter_inappwebview_web/assets/web/web_support.js"],"packages/fluttertoast/assets/toastify.css":["packages/fluttertoast/assets/toastify.css"],"packages/fluttertoast/assets/toastify.js":["packages/fluttertoast/assets/toastify.js"],"packages/font_awesome_flutter/lib/fonts/fa-brands-400.ttf":["packages/font_awesome_flutter/lib/fonts/fa-brands-400.ttf"],"packages/font_awesome_flutter/lib/fonts/fa-regular-400.ttf":["packages/font_awesome_flutter/lib/fonts/fa-regular-400.ttf"],"packages/font_awesome_flutter/lib/fonts/fa-solid-900.ttf":["packages/font_awesome_flutter/lib/fonts/fa-solid-900.ttf"]}